food_id,food_name,category,description,serving_size,calories_kcal,protein_g,carbohydrates_g,fat_g,fiber_g,vitamins,minerals,health_benefits,recommended_for
1,Spinach,Vegetable,"Spinach is a nutrient-dense dark leafy green vegetable celebrated for its vibrant emerald leaves and earthy, mildly bitter profile. It is exceptionally loaded with carotenoids, protective phytonutrients, and vital trace minerals. Commonly consumed both raw in fresh salads and lightly sautéed or steamed, spinach forms an indispensable cornerstone of health-conscious dietary frameworks worldwide.",1 cup raw (30 g),7,0.9,1.1,0.1,0.7,"Vitamin A, Vitamin C, Vitamin K, Folate","Iron, Calcium, Potassium, Magnesium","Supports robust ocular health through lutein and zeaxanthin deposition, reduces chronic cellular oxidative stress, and bolsters immune resilience while promoting optimal endothelial blood vessel dilation.","Weight Loss, Diabetic Patients, Heart Patients, Pregnant Women, Vegetarians, Vegans"
2,Broccoli,Vegetable,"Broccoli is an edible green plant belonging to the cruciferous cabbage family, distinguished by its tight cluster of florets and fibrous stalk. Known for delivering significant concentrations of bioactive glucosinolates and sulfur-rich compounds, this vegetable delivers crisp texture and mild cruciferous flavor that holds up wonderfully across steaming, roasting, and stir-frying.",1 cup chopped (91 g),31,2.6,6,0.3,2.4,"Vitamin C, Vitamin K, Vitamin A, Folate","Potassium, Phosphorus, Calcium, Magnesium","Induces hepatic phase-two detoxification pathways via potent sulforaphane generation, suppresses inflammation biomarkers, regulates fasting glycemic index, and supports structural bone density matrix maintenance.","Diabetic Patients, Weight Loss, Heart Patients, Athletes, Vegetarians, Vegans"
3,Kale,Vegetable,"Kale is a hearty, ruffled biennial plant classified as a premier superfood among cruciferous leafy greens. It packs an astonishing abundance of antioxidant flavonoids like quercetin and kaempferol alongside robust chlorophyll reserves. Whether baked into crunchy chips, blended into detox smoothies, or massaged with olive oil, kale delivers deeply grounding vegetal nourishment.",1 cup chopped (67 g),33,2.9,6.7,0.6,1.3,"Vitamin K, Vitamin A, Vitamin C, Vitamin B6","Calcium, Potassium, Copper, Manganese","Provides unmatched anti-inflammatory antioxidant shielding, regulates hepatic bile acid sequestration for healthy cholesterol balance, and strengthens vascular integrity and bone mineral scaffolding.","Weight Loss, Heart Patients, Vegetarians, Vegans, Athletes"
4,Bell Pepper,Vegetable,"Bell peppers are glossy, plump cultivars of the nightshade family displaying an array of brilliant colors including red, yellow, and green. Characterized by a thick, crunchy outer pericarp and sweet, juicy interior cavity, they provide unmatched concentrations of ascorbic acid alongside capsanthin, delivering a sweet crunch to culinary dishes across every continent.",1 medium pepper (119 g),37,1.2,7.2,0.2,2.5,"Vitamin C, Vitamin A, Vitamin B6, Vitamin E","Potassium, Folate, Molybdenum","Dramatically accelerates systemic collagen biosynthesis, neutralizes reactive oxygen species in cutaneous layers, enhances non-heme iron absorption, and maintains microvascular ocular capillaries.","Weight Loss, Diabetic Patients, Children, Elderly, Vegetarians, Vegans"
5,Carrot,Vegetable,"Carrot is a crisp, sweet root vegetable typically bright orange in coloration due to massive stores of beta-carotene provitamin A. Highly versatile in global culinary traditions, carrots provide satisfying crunch when eaten raw as batonettes, while caramelizing delightfully when roasted or simmered into velvety restorative soups and vegetable purées.",1 medium carrot (61 g),25,0.6,5.8,0.1,1.7,"Vitamin A, Vitamin K, Vitamin B6, Biotin","Potassium, Calcium, Phosphorus","Supplies essential retinal rhodopsin precursors for low-light visual acuity, shields epithelial tissues from ultraviolet oxidative degradation, and supports intestinal motility with natural pectin fiber.","Children, Elderly, Weight Loss, Diabetic Patients, Vegetarians"
6,Cauliflower,Vegetable,"Cauliflower is a pale, compact cruciferous vegetable featuring tightly packed curds encased in sturdy green protective leaves. Renowned for its mild, subtly nutty flavor and extraordinary culinary malleability, cauliflower is a beloved low-carbohydrate staple transformed into grain-free rice substitutes, velvety low-fat mash, and oven-charred steaks.",1 cup chopped (107 g),27,2.1,5.3,0.3,2.1,"Vitamin C, Vitamin K, Vitamin B6, Folate","Potassium, Magnesium, Phosphorus","Enhances endogenous choline pools for neurological transmitter synthesis, modulates inflammatory cytokines via indole-3-carbinol, and encourages smooth digestion through soluble fiber.","Weight Loss, Diabetic Patients, Heart Patients, Vegetarians, Vegans"
7,Cucumber,Vegetable,"Cucumber is a widely cultivated cylindrical green vegetable from the gourd family celebrated for its exceptionally high moisture content and crisp, cool interior flesh. With over ninety-five percent pure cellular water, cucumber hydrates the body effortlessly while supplying subtle trace minerals and refreshing botanical bitterness in fresh crudités and cooling gazpachos.",1 cup sliced (104 g),16,0.7,3.8,0.1,0.5,"Vitamin K, Vitamin C","Potassium, Magnesium, Silica","Provides rapid physiological rehydration, assists in flushing renal micro-solutes, and reduces systemic heat stress while silica strengthens connective tissue matrix and dermal elasticity.","Weight Loss, Diabetic Patients, Elderly, Athletes, Vegetarians"
8,Zucchini,Vegetable,"Zucchini is a tender summer squash sporting a speckled deep green tender skin, pale moist flesh, and delicate edible seeds. Naturally low in sodium and caloric density, it blends seamlessly into quick sautés, spiralized vegetable noodles, and baked savory breads without overwhelming delicate herb seasonings.",1 medium zucchini (196 g),33,2.4,6.1,0.6,2,"Vitamin C, Vitamin B6, Vitamin A","Potassium, Manganese, Folate","Promotes steady glycemic curves through balanced soluble mucilage, aids in fluid balance regulation, and maintains intestinal peristalsis without gastric irritation.","Weight Loss, Diabetic Patients, Heart Patients, Vegetarians, Vegans"
9,Asparagus,Vegetable,"Asparagus is a prized spring vegetable characterized by slender, spear-like tender stalks crowned with delicate pointed tip buds. Treasured by gourmet cooks and health practitioners alike, asparagus offers an earthy, grassy flavor backed by prebiotic inulin fiber and rich concentrations of asparagine amino acid derivatives.",1 cup boiled (180 g),40,4.3,7.4,0.4,3.6,"Vitamin K, Folate, Vitamin A, Vitamin C","Iron, Potassium, Phosphorus","Acts as a gentle natural diuretic assisting fluid excretion, nourishes beneficial Bifidobacteria microbiome colonies, and supplies critical folates for embryonic neural tube synthesis.","Pregnant Women, Heart Patients, Weight Loss, Diabetic Patients, Vegetarians"
10,Brussels Sprouts,Vegetable,"Brussels sprouts are miniature cruciferous globes resembling baby cabbages tightly packed along fibrous woody stalks. When caramelised at high heat through roasting or pan-searing, they develop complex nutty, savory notes that soften their bold sulfuric glucosinolate complexity, delivering immense antioxidant potency.",1 cup cooked (156 g),56,4,11.1,0.8,4.1,"Vitamin K, Vitamin C, Vitamin A, Folate","Manganese, Potassium, Iron","Strengthens cellular DNA repair mechanisms, sustains prothrombin coagulation homeostasis through abundant phylloquinone, and assists with long-term cardiovascular calcification prevention.","Heart Patients, Diabetic Patients, Weight Loss, Vegetarians, Vegans"
11,Cabbage,Vegetable,"Cabbage is a dense, multi-layered round vegetable with smooth green or purple leaves celebrated throughout human history for its durability and probiotic fermentation potential. Rich in glutamine and polyphenols, cabbage is shredded into crisp slaws, simmered into restorative broths, and fermented into gut-friendly sauerkraut and kimchi.",1 cup shredded (89 g),22,1.1,5.2,0.1,2.2,"Vitamin C, Vitamin K, Folate","Potassium, Calcium, Magnesium","Promotes mucosal integrity across gastrointestinal linings, protects stomach walls against ulcerative lesions, and fuels short-chain fatty acid generation in the lower colon.","Weight Loss, Diabetic Patients, Elderly, Vegetarians, Vegans"
12,Eggplant,Vegetable,"Eggplant, or aubergine, is a teardrop-shaped nightshade vegetable adorned with glossy, deep indigo skin and spongy, absorbent cream-colored pulp. Its unique cellular texture readily drinks in rich aromatic oils, garlic, and Mediterranean herbs, while its peel holds dense concentrations of nasunin, an anthocyanin antioxidant.",1 cup cubed (82 g),20,0.8,4.8,0.2,2.5,"Vitamin B6, Vitamin K, Folate","Potassium, Manganese, Copper","Protects neural cell membranes from lipid peroxidation, helps balance systemic blood pressure via potassium, and modulates postprandial glucose surges with soluble pectin.","Diabetic Patients, Heart Patients, Weight Loss, Vegetarians"
13,Green Beans,Vegetable,"Green beans, also known as snap beans or string beans, are tender immature legume pods eaten whole with their juvenile internal seeds. They offer a snappy bite, bright grassy sweetness, and a modest glycemic load that makes them a timeless family staple across steamed sides and stir-fried delicacies.",1 cup raw (100 g),31,1.8,7,0.2,2.7,"Vitamin C, Vitamin K, Vitamin A, Folate","Silicon, Potassium, Calcium","Fosters bone mineral integrity via bioavailable silicon, enhances digestive transit times, and delivers gentle antioxidant carotenoids to preserve cardiorespiratory wellness.","Children, Weight Loss, Diabetic Patients, Elderly, Vegetarians"
14,Beetroot,Vegetable,"Beetroot is a deep ruby-purple root vegetable bursting with inorganic dietary nitrates, betalain pigments, and earthy natural sugars. Athletic performers and endurance runners widely ingest beetroot juices and roasted wedges to harness its proven capability to enhance biological nitric oxide bioavailability and microcirculatory perfusion.",1 cup boiled (170 g),75,2.9,16.9,0.3,3.4,"Folate, Vitamin C","Potassium, Iron, Magnesium, Manganese","Significantly enhances nitric oxide synthesis, lowers systolic arterial blood pressure, improves oxygen consumption efficiency during strenuous exercise, and aids liver detoxification.","Athletes, Fitness Enthusiasts, Heart Patients, Vegetarians, Vegans"
15,Sweet Potato,Vegetable,"Sweet potato is an underground tuberous root boasting a dusky copper skin and vivid orange flesh teeming with complex starches and carotenoids. Providing sustained cellular energy without the rapid glycemic spike of refined tubers, it is baked, mashed, or cut into oven fries for sustained clean athletic fuel.",1 medium baked (114 g),103,2.3,23.6,0.2,3.8,"Vitamin A, Vitamin C, Vitamin B6","Potassium, Manganese, Copper","Sustains steady cellular glycogen repletion, fortifies mucosal gut lining defense, and supplies therapeutic beta-carotene levels to counter oxidative fatigue.","Athletes, Fitness Enthusiasts, Children, Pregnant Women, Vegetarians"
16,Artichoke,Vegetable,"Globe artichoke is the immature flower bud of a thistle plant, revered for its tender bottom heart, nutty fleshy bract bases, and dense prebiotic cynarin. It holds some of the highest total antioxidant capacities recorded among green garden vegetables, rewarding careful peeling with profound liver and digestive benefits.",1 medium boiled (120 g),64,3.5,14.3,0.4,6.8,"Vitamin C, Vitamin K, Folate","Magnesium, Potassium, Phosphorus","Stimulates hepatic bile secretion for enhanced lipid emulsification, nourishes colon microbiota with inulin, and helps regulate low-density lipoprotein cholesterol levels.","Heart Patients, Diabetic Patients, Weight Loss, Vegetarians, Vegans"
17,Mushroom,Vegetable,"White button and cremini mushrooms are edible fungi characterized by an umbrella-shaped cap and tender stem, offering deep umami savoriness without heavy calories. Uniquely capable of synthesizing vitamin D upon sun exposure, they are enriched with beta-glucans and ergothioneine, making them an indispensable meat alternative in plant-forward cookery.",1 cup sliced (70 g),15,2.2,2.3,0.2,0.7,"Vitamin D, Vitamin B2, Vitamin B3, Vitamin B5","Selenium, Potassium, Copper, Phosphorus","Stimulates innate immune macrophage defenses through beta-glucans, provides uncommon ergothioneine intracellular protection, and supplies trace selenium for thyroid hormone metabolism.","Weight Loss, Diabetic Patients, Elderly, Vegetarians, Vegans"
18,Radish,Vegetable,"Radish is a snappy, peppery edible root vegetable displaying bright crimson skin and gleaming white interior flesh. Flavored by pungent isothiocyanates and mustard oils, radishes stimulate salivary glands, aid gastric secretion, and provide crisp textural contrast in fresh garden salads and pickled garnishes.",1 cup sliced (116 g),19,0.8,3.9,0.1,1.9,"Vitamin C, Folate, Vitamin B6","Potassium, Calcium, Magnesium","Promotes gallbladder bile flow, acts as a natural antimicrobial in digestive tracts, and provides gentle vascular tension relaxation through potassium-induced vasodilation.","Weight Loss, Diabetic Patients, Heart Patients, Vegetarians"
19,Celery,Vegetable,"Celery is a marshland plant cultivated for its elongated, crisp, fibrous stalks crowned with feathery aromatic leaves. Noted for its signature salty snap and apigenin flavonoids, celery provides high moisture and low caloric density, forming the aromatic foundation of mirepoix and modern cold-pressed wellness elixirs.",1 cup chopped (101 g),16,0.7,3,0.2,1.6,"Vitamin K, Vitamin A, Vitamin C, Folate","Potassium, Sodium, Calcium","Contains 3-n-butylphthalide which relaxes vascular muscle tissues, reduces systemic inflammation, and assists with renal filtration of metabolic byproducts.","Weight Loss, Heart Patients, Diabetic Patients, Vegetarians, Vegans"
20,Tomato,Vegetable,"Tomato is a glossy, succulent red fruit botanically classified as a berry but culinarily utilized as a premier vegetable. Renowned for its rich balance of sweetness, acidity, and savory glutamates, tomato is the paramount dietary source of lycopene, an antioxidant that becomes even more bioavailable when cooked with extra virgin olive oil.",1 medium tomato (123 g),22,1.1,4.8,0.2,1.5,"Vitamin C, Vitamin K, Vitamin A, Folate","Potassium, Manganese, Phosphorus","Offers proven cardiovascular shielding by curbing LDL cholesterol oxidation, maintains skin firmness against photoaging, and supports cellular integrity through lycopene.","Heart Patients, Diabetic Patients, Weight Loss, Children, Vegetarians"
21,Apple,Fruit,"Apple is a crisp, juicy pomaceous fruit that comes in hundreds of cultivars ranging from tart Granny Smith to honeyed Gala. Renowned for its satisfying crunch and high pectin content, it makes a convenient portable snack that supports gut health and steady energy throughout the afternoon.",1 medium fruit (182 g),95,0.5,25.1,0.3,4.4,"Vitamin C, Vitamin K, Vitamin B6","Potassium, Calcium, Magnesium","Regulates postprandial glucose absorption through soluble pectin gel formation, fosters beneficial gut microbiota, and curbs oxidation of low-density lipoproteins.","Weight Loss, Diabetic Patients, Heart Patients, Children, Vegetarians"
22,Banana,Fruit,"Banana is an elongated, curved edible fruit produced by large herbaceous plants of the genus Musa. Enclosed in a protective yellow peel when ripe, it delivers quick-digesting natural carbohydrates, potassium, and vitamin B6, making it the premier pre-workout and post-workout fuel for athletes.",1 medium fruit (118 g),105,1.3,27,0.3,3.1,"Vitamin B6, Vitamin C, Folate","Potassium, Magnesium, Manganese","Restores intracellular electrolyte gradients after vigorous exercise, averts muscle cramping, and provides prebiotic fructooligosaccharides that optimize nutrient assimilation.","Athletes, Fitness Enthusiasts, Children, Pregnant Women, Vegetarians"
23,Blueberry,Fruit,"Blueberries are small, indigo-colored perennial berries possessing a powdery protective bloom and sweet-tart flavor. Revered in cognitive nutrition for their dense concentrations of anthocyanins and pterostilbene, blueberries rank among the most powerful fruit antioxidants in human clinical studies.",1 cup fresh (148 g),84,1.1,21.4,0.5,3.6,"Vitamin C, Vitamin K, Vitamin A","Manganese, Copper, Iron","Enhances synaptic plasticity and memory retention in neural tissue, curbs exercise-induced oxidative damage, and maintains vascular capillary elasticity.","Elderly, Athletes, Fitness Enthusiasts, Diabetic Patients, Vegetarians"
24,Orange,Fruit,"Orange is a citrus fruit renowned for its segmented juicy pulp, fragrant aromatic zest, and high ascorbic acid reserves. Enjoyed peeled by hand or freshly squeezed into morning juice, oranges combine citric brightness with hesperidin bioflavonoids for superior systemic wellness and hydration.",1 medium fruit (131 g),62,1.2,15.4,0.2,3.1,"Vitamin C, Folate, Vitamin B1","Potassium, Calcium, Magnesium","Supports white blood cell phagocytosis during immune challenges, enhances intestinal uptake of non-heme iron, and strengthens microvascular walls.","Children, Elderly, Pregnant Women, Athletes, Vegetarians"
25,Strawberry,Fruit,"Strawberry is a widely beloved red aggregate accessory fruit distinguished by its exterior seeds, seductive aroma, and juicy sweetness. Delivering exceptional levels of vitamin C and ellagic acid with minimal glycemic impact, strawberries brighten oatmeal bowls, summer salads, and antioxidant-rich desserts.",1 cup sliced (166 g),53,1.1,12.7,0.5,3.3,"Vitamin C, Folate, Vitamin K","Manganese, Potassium, Magnesium","Inhibits alpha-amylase to stabilize post-meal blood sugar levels, bolsters skin elasticity against ultraviolet photodamage, and dampens systemic inflammation.","Diabetic Patients, Weight Loss, Heart Patients, Children, Vegetarians"
26,Avocado,Fruit,"Avocado is a botanical berry originating from Central America featuring a pebbled dark skin, buttery green interior, and high monounsaturated oleic fat. Celebrated as a versatile healthy fat source, it elevates salads, whole grain toast, and guacamole while dramatically boosting carotenoid absorption from accompanying veggies.",1/2 medium fruit (100 g),160,2,8.5,14.7,6.7,"Vitamin K, Folate, Vitamin C, Vitamin E, Vitamin B6","Potassium, Magnesium, Copper","Maintains optimal high-density lipoprotein cholesterol levels, promotes cellular membrane fluidity, supports fetal brain development, and provides profound satiety.","Heart Patients, Diabetic Patients, Pregnant Women, Athletes, Vegetarians, Vegans"
27,Papaya,Fruit,"Papaya is a tropical fruit characterized by smooth amber-orange flesh and peppery black seeds within a central cavity. Rich in papain, a proteolytic enzyme that breaks down stubborn dietary proteins, papaya eases digestive discomfort while infusing the body with carotenoids and vitamin C.",1 cup cubed (145 g),62,0.7,15.7,0.4,2.5,"Vitamin C, Vitamin A, Folate, Vitamin E","Potassium, Magnesium, Calcium","Accelerates protein cleavage and eases post-meal gastric fullness through natural papain, speeds dermal wound healing, and strengthens anti-inflammatory responses.","Elderly, Athletes, Heart Patients, Children, Vegetarians"
28,Watermelon,Fruit,"Watermelon is a sprawling vine fruit bearing a thick striped rind and glistening ruby flesh packed with hydration and citrulline. Composed of ninety-two percent water, it is the ultimate summertime refreshment, delivering deep lycopene antioxidant reserves without heavy digestive burden.",1 cup diced (152 g),46,0.9,11.5,0.2,0.6,"Vitamin C, Vitamin A, Vitamin B6","Potassium, Magnesium","Alleviates post-workout muscle soreness through L-citrulline mediated vasodilation, promotes rapid rehydration, and delivers protective lycopene for cardiac protection.","Athletes, Fitness Enthusiasts, Weight Loss, Children, Vegetarians"
29,Pineapple,Fruit,"Pineapple is a tropical multiple fruit crowned with spiky sword-like leaves and golden aromatic pulp that bursts with sweet, tangy juice. It is the sole dietary source of bromelain, a complex enzyme blend recognized in clinical research for reducing soft-tissue swelling and aiding athletic recovery.",1 cup chunks (165 g),82,0.9,21.6,0.2,2.3,"Vitamin C, Vitamin B6, Thiamine","Manganese, Copper, Potassium","Reduces post-surgical and exercise-induced muscle inflammation through bromelain, aids digestive enzyme secretions, and supports joint cartilage regeneration.","Athletes, Fitness Enthusiasts, Elderly, Vegetarians"
30,Mango,Fruit,"Mango is the undisputed king of tropical fruits, offering velvety, golden-orange pulp steeped in luscious sweetness and floral aromatics. Loaded with amylase digestive enzymes and mangiferin polyphenols, mango provides joyful decadence alongside restorative immune and gut nourishment.",1 cup sliced (165 g),99,1.4,24.7,0.6,2.6,"Vitamin C, Vitamin A, Vitamin B6, Vitamin E","Potassium, Copper, Folate","Defends mucosal membranes against infection via vitamin A, aids complex carbohydrate digestion with natural amylases, and neutralizes oxidative stressors.","Children, Athletes, Pregnant Women, Vegetarians"
31,Guava,Fruit,"Guava is a tropical wonder fruit offering aromatic pink or white flesh peppered with tiny edible seeds. Packing more than four times the vitamin C of an orange alongside exceptional dietary fiber and potassium, guava is an unsung metabolic powerhouse for glycemic regulation.",1 cup (165 g),112,4.2,23.6,1.6,8.9,"Vitamin C, Vitamin A, Folate","Potassium, Magnesium, Phosphorus","Significantly lowers glycemic response through extraordinary soluble fiber bulk, bolsters immune defenses, and aids bowel regularity without harsh stimulation.","Diabetic Patients, Weight Loss, Heart Patients, Vegetarians, Vegans"
32,Pomegranate,Fruit,"Pomegranate is an ancient mystical fruit enclosing hundreds of ruby arils, each carrying a crisp seed surrounded by tart, jewel-like juice. Revered for centuries for its medicinal qualities, pomegranate is packed with punicalagins, which possess three times the antioxidant activity of red wine and green tea.",1/2 cup arils (87 g),72,1.5,16.3,1,3.5,"Vitamin C, Vitamin K, Folate","Potassium, Copper, Phosphorus","Reverses carotid arterial wall thickening, suppresses inflammatory enzymes in joint cartilage, and improves aerobic stamina and vascular circulation.","Heart Patients, Elderly, Athletes, Diabetic Patients, Vegetarians"
33,Kiwi,Fruit,"Kiwi, or Chinese gooseberry, is a small oval fruit with fuzzy russet skin concealing brilliant emerald flesh embedded with black micro-seeds and a pale creamy core. Known for its enzyme actinidin, kiwi supports upper gastrointestinal digestion and facilitates restorative sleep.",1 medium fruit (75 g),42,0.8,10.1,0.4,2.1,"Vitamin C, Vitamin K, Vitamin E, Folate","Potassium, Copper, Magnesium","Improves nocturnal sleep duration and latency through natural serotonin precursors, aids protein digestion via actinidin, and protects respiratory mucosa.","Athletes, Elderly, Weight Loss, Children, Vegetarians"
34,Peach,Fruit,"Peach is a fuzzy, blushing stone fruit with tender golden flesh that releases sweet, floral nectar at peak ripeness. Gentle on sensitive digestive tracts, peaches provide comforting hydration, carotenoids, and pectin fiber that soothe mucosal surfaces.",1 medium fruit (150 g),59,1.4,14.3,0.4,2.3,"Vitamin C, Vitamin A, Vitamin E","Potassium, Fluoride, Iron","Soothes gastrointestinal lining with gentle fiber, helps clear free radicals in subcutaneous skin layers, and assists in renal fluid balance.","Children, Elderly, Weight Loss, Diabetic Patients, Vegetarians"
35,Lemon,Fruit,"Lemon is a bright yellow ellipsoid citrus fruit famed for its bracingly acidic juice and pungent, oil-rich zest. Although intensely sour due to five percent citric acid, lemon stimulates digestive enzymes, supports renal urinary alkalinization, and adds instant vibrant brightness to culinary creations.",1 medium fruit (58 g),17,0.6,5.4,0.2,1.6,"Vitamin C, Vitamin B6","Potassium, Calcium, Iron","Inhibits renal calcium oxalate stone crystallization via urinary citrate excretion, enhances digestive secretions, and provides powerful immune defense.","Weight Loss, Heart Patients, Diabetic Patients, Vegetarians, Vegans"
36,Oats,Grain,"Oats are whole cereal grains prized for their soluble beta-glucan fiber and rich supply of avenanthramides. Rolled into flakes or cut into steel-cut groats, oats form a hearty breakfast porridge that stabilizes morning blood sugar, reduces hunger pangs, and supports lasting endurance.",1/2 cup dry rolled (40 g),154,5.3,27.4,2.6,4.1,"Thiamine (B1), Folate, Vitamin B5","Manganese, Phosphorus, Magnesium, Iron, Zinc","Significantly lowers circulating LDL cholesterol through beta-glucan bile acid binding, attenuates insulin spikes, and promotes sustained morning satiety.","Heart Patients, Diabetic Patients, Weight Loss, Athletes, Vegetarians"
37,Quinoa,Grain,"Quinoa is an Andean pseudocereal grain offering a complete amino acid profile containing all nine essential amino acids. Naturally gluten-free with a nutty flavor and delicate spiral germ that pops delightfully when cooked, quinoa is a gold standard staple for plant-based athletic fueling.",1 cup cooked (185 g),222,8.1,39.4,3.6,5.2,"Folate, Vitamin B6, Vitamin E","Manganese, Magnesium, Phosphorus, Copper, Iron, Zinc","Supplies complete muscle-building protein for tissue synthesis, minimizes blood glucose spikes via low glycemic index, and delivers rich prebiotic insoluble fiber.","Fitness Enthusiasts, Athletes, Diabetic Patients, Vegetarians, Vegans"
38,Brown Rice,Grain,"Brown rice is an intact whole grain with its nutrient-rich fibrous bran and nourishing germ layers preserved during milling. Offering a chewable toothsome texture and nutty fragrance, brown rice provides slow-burning complex starches that power endurance exercise and everyday physical labor.",1 cup cooked (195 g),218,4.5,45,1.6,3.5,"Niacin (B3), Vitamin B6, Thiamine (B1)","Manganese, Selenium, Magnesium, Phosphorus","Provides long-duration cellular energy without sudden reactive hypoglycemia, aids gastrointestinal peristalsis, and delivers selenium for thyroid balance.","Athletes, Fitness Enthusiasts, Children, Vegetarians, Vegans"
39,Barley,Grain,"Barley is one of the world's most ancient cultivated cereal grains, renowned for its chewy consistency and robust fiber composition. Containing generous levels of beta-glucans in both pearled and hulled forms, barley elevates rustic winter soups, warm grain salads, and slow-simmered stews.",1 cup cooked (157 g),193,3.6,44.3,0.7,6,"Niacin, Thiamine, Vitamin B6","Selenium, Manganese, Copper, Chromium","Promotes healthy gut microbiome fermentation producing butyrate, curbs hepatic cholesterol synthesis, and supports glucose homeostasis via trace chromium.","Diabetic Patients, Heart Patients, Weight Loss, Vegetarians, Vegans"
40,Buckwheat,Grain,"Buckwheat is a nutrient-dense pseudocereal renowned for its triangular groats and high rutin flavonoid content. Free of wheat and gluten, it is milled into soba noodle flour or toasted into aromatic kasha, providing steady sustaining fuel with minimal digestive friction.",1 cup cooked (168 g),155,5.7,33.5,1,4.5,"Niacin, Vitamin B6, Folate","Manganese, Copper, Magnesium, Phosphorus","Strengthens microvascular blood vessels and reduces vascular fragility through rutin, improves lipid profiles, and supports balanced intestinal health.","Heart Patients, Diabetic Patients, Athletes, Vegetarians, Vegans"
41,Millet,Grain,"Millet refers to a group of small-seeded ancient grasses cultivated worldwide for their drought resilience and hypoallergenic nutritional profile. With a fluffy texture akin to mashed potatoes or couscous, millet is easily digested and alkaline-producing in physiological digestion.",1 cup cooked (174 g),207,6.1,41.2,1.7,2.3,"Thiamine, Niacin, Folate","Phosphorus, Magnesium, Copper, Iron","Supports neuromuscular relaxation through rich magnesium stores, buffers stomach acidity, and facilitates stable glycemic control.","Children, Elderly, Diabetic Patients, Vegetarians, Vegans"
42,Farro,Grain,"Farro is an ancient heirloom wheat grain popular in traditional Tuscan cuisine, displaying a plump oval berry and nutty, caramel notes. High in protein and fiber, farro remains pleasantly al dente when boiled, turning ordinary salads into satisfying, muscle-building meals.",1/4 cup dry (45 g),170,6,34,1,5,"Niacin, Thiamine, Vitamin B6","Iron, Magnesium, Zinc","Sustains prolonged fullness, aids lean muscular development, and encourages healthy bowel transit through rugged insoluble bran.","Fitness Enthusiasts, Athletes, Weight Loss, Vegetarians"
43,Whole Wheat Bread,Grain,"Whole wheat bread is baked using entire unrefined wheat grains, keeping the bran and germ intact for superior fiber and micronutrient density. Providing a hearty crumb and rich wheaten aroma, it is an essential everyday breakfast staple for sustaining active family vitality.",1 slice (43 g),110,5,19,1.5,3,"Thiamine, Niacin, Folate","Iron, Magnesium, Selenium","Promotes cardiovascular health by reducing arterial plaque accumulation, sustains digestive regularity, and fuels everyday cognitive focus.","Children, Athletes, Vegetarians"
44,Wild Rice,Grain,"Wild rice is the seed of an aquatic marsh grass indigenous to North American riverways, distinguished by long dark spears and a smoky, woody aroma. Surpassing conventional rice in protein and dietary antioxidants, it lends regal texture to roasted root vegetables and autumn casseroles.",1 cup cooked (164 g),166,6.5,35,0.6,3,"Folate, Niacin, Vitamin B6","Manganese, Zinc, Phosphorus, Magnesium","Shields cells from oxidative wear with concentrated polyphenols, supports cellular repair via zinc, and provides clean low-fat muscular energy.","Athletes, Fitness Enthusiasts, Diabetic Patients, Vegetarians, Vegans"
45,Bulgur,Grain,"Bulgur is a quick-cooking whole wheat grain that has been parboiled, dried, and coarsely cracked. Famously showcased as the bedrock of Middle Eastern tabbouleh, bulgur cooks in minutes while offering twice the fiber of white rice and a pleasing nutty chew.",1 cup cooked (182 g),151,5.6,33.8,0.4,8.2,"Niacin, Vitamin B6, Folate","Manganese, Magnesium, Iron, Phosphorus","Supplies massive insoluble fiber preventing bowel sluggishness, reduces postprandial insulin surges, and supports cardiac integrity.","Weight Loss, Diabetic Patients, Heart Patients, Vegetarians, Vegans"
46,Chickpeas,Pulse,"Chickpeas, also called garbanzo beans, are round, sandy-hued legumes with a nutty taste and buttery texture when cooked. The culinary soul of creamy hummus and crispy falafel, chickpeas provide an optimal matrix of plant protein, resistant starch, and soluble fiber.",1 cup cooked (164 g),269,14.5,45,4.2,12.5,"Folate, Vitamin B6, Thiamine","Manganese, Copper, Iron, Phosphorus, Magnesium","Improves glycemic response and insulin sensitivity, optimizes gut microbiota with resistant starch, and delivers substantial protein for muscle preservation.","Vegetarians, Vegans, Diabetic Patients, Weight Loss, Fitness Enthusiasts"
47,Lentils,Pulse,"Lentils are lens-shaped annual legumes available in brown, green, and red varieties that cook quickly without soaking. A dietary pillar of wholesome soups and aromatic Indian dals, lentils boast dense concentrations of folate, non-heme iron, and slow-digesting protein.",1 cup cooked (198 g),230,17.9,39.9,0.8,15.6,"Folate, Thiamine, Vitamin B6","Iron, Phosphorus, Potassium, Zinc, Copper","Fosters healthy hemoglobin production to combat iron-deficiency anemia, lowers plasma homocysteine via folate, and drives exceptional digestive regularity.","Pregnant Women, Vegetarians, Vegans, Athletes, Heart Patients"
48,Black Beans,Pulse,"Black beans are jet-black, velvety legumes with a dense, meaty texture that forms the hearty spine of Latin American and Caribbean cooking. Rich in anthocyanins akin to dark berries, black beans blend hearty protein with deep antioxidant resilience.",1 cup cooked (172 g),227,15.2,40.8,0.9,15,"Folate, Thiamine","Manganese, Magnesium, Phosphorus, Iron","Controls post-meal glycemic surges via slow-release complex carbs, dampens systemic inflammatory pathways, and sustains steady cardiac health.","Diabetic Patients, Heart Patients, Weight Loss, Vegetarians, Vegans"
49,Soybeans,Pulse,"Soybeans are golden oilseeds from East Asia that represent the premier complete plant protein source in modern sports nutrition. Laden with isoflavones and branched-chain amino acids, soybeans are processed into tofu, tempeh, and soy milk for robust anabolic support.",1 cup cooked (172 g),298,28.6,17.1,15.4,10.3,"Folate, Vitamin K, Thiamine","Iron, Calcium, Magnesium, Phosphorus, Potassium, Copper","Drives muscular protein synthesis comparable to dairy proteins, assists menopausal bone mineral retention through phytoestrogens, and lowers arterial LDL.","Fitness Enthusiasts, Athletes, Vegetarians, Vegans, Elderly"
50,Kidney Beans,Pulse,"Kidney beans are large, kidney-shaped legumes with a sturdy red skin that holds together exceptionally well under prolonged boiling. Essential to savory chilis and Creole red beans and rice, they offer immense dietary fiber, iron, and sustained stamina.",1 cup cooked (177 g),225,15.3,40.4,0.9,13.1,"Folate, Thiamine, Vitamin K","Iron, Potassium, Copper, Manganese, Phosphorus","Promotes colon detoxification by accelerating waste clearance, prevents rapid blood sugar elevations, and boosts red blood cell formation.","Diabetic Patients, Vegetarians, Vegans, Weight Loss, Heart Patients"
51,Edamame,Pulse,"Edamame are young, bright green soybeans harvested while still tender within their fuzzy pods. Lightly steamed and sprinkled with sea salt, edamame makes a delightful whole-food snack providing complete protein, folate, and satisfying texture.",1 cup prepared (155 g),188,18.4,13.8,8.1,8,"Folate, Vitamin K, Vitamin C","Iron, Calcium, Magnesium, Potassium, Phosphorus","Supports lean muscular hypertrophy with minimal carbohydrates, aids bone density preservation, and delivers protective antioxidant flavonoids.","Fitness Enthusiasts, Athletes, Weight Loss, Vegetarians, Vegans"
52,Green Peas,Pulse,"Green peas are small, sweet spherical seeds harvested from legume pods, prized for their delicate pops of sweetness and vibrant green color. Offering higher protein and fiber than typical garden vegetables, peas enrich risottos, curries, and comforting soups.",1 cup cooked (160 g),134,8.6,25,0.4,8.8,"Vitamin C, Vitamin K, Vitamin A, Folate, Thiamine","Manganese, Iron, Phosphorus, Magnesium","Supports stable post-meal glycemic levels through high dietary fiber, promotes eye tissue health with lutein, and aids cellular repair.","Children, Diabetic Patients, Weight Loss, Vegetarians"
53,Pinto Beans,Pulse,"Pinto beans are speckled beige legumes that turn a warm creamy brown when simmered, yielding a velvety, earthy consistency. The heart of classic Mexican refried beans and burrito bowls, pinto beans provide abundant fiber, iron, and comforting warmth.",1 cup cooked (171 g),245,15.4,44.8,1.1,15.4,"Folate, Thiamine, Vitamin B6","Manganese, Phosphorus, Magnesium, Potassium, Iron","Supplies massive prebiotic fuel for healthy microbiome diversity, lowers blood serum cholesterol, and assists with long-term weight management.","Heart Patients, Diabetic Patients, Weight Loss, Vegetarians, Vegans"
54,Navy Beans,Pulse,"Navy beans are small, oval white legumes that earned their name from being a standard food ration for the United States Navy throughout the early twentieth century. Packing the highest fiber content among common beans, they soften into creamy baked bean casseroles.",1 cup cooked (182 g),255,15,47.4,1.1,19.1,"Folate, Thiamine","Manganese, Iron, Magnesium, Phosphorus, Potassium","Delivers unmatched dietary fiber to normalize bowel transit, reduces metabolic syndrome markers, and helps maintain healthy blood lipid parameters.","Weight Loss, Diabetic Patients, Heart Patients, Vegetarians, Vegans"
55,Tempeh,Pulse,"Tempeh is a traditional Indonesian fermented food cake made from whole soybeans bound together by dense white Rhizopus mycelium. Offering a nutty, mushroom-like savoriness and firm texture, tempeh provides bioavailable complete protein, prebiotics, and probiotics.",100 g,192,20.3,7.6,10.8,4.8,"Vitamin B12, Riboflavin, Niacin","Manganese, Copper, Phosphorus, Magnesium, Calcium, Iron","Delivers bioavailable fermented protein that is easily assimilated without gas, enhances intestinal mucosal barrier, and promotes bone density.","Fitness Enthusiasts, Athletes, Vegetarians, Vegans, Elderly"
56,Greek Yogurt,Dairy,"Greek yogurt is strained whole milk yogurt where the liquid whey has been separated out, leaving a luxuriously thick, tangy cultured dairy product. Loaded with concentrated casein and whey proteins alongside live lactic cultures, it is an essential muscle-repair and gut health food.",1 container (170 g),100,17.3,6.1,0.7,0,"Vitamin B12, Riboflavin (B2)","Calcium, Phosphorus, Potassium, Zinc","Promotes rapid lean muscle synthesis and recovery post-workout, introduces beneficial Lactobacillus probiotics to the gut microbiome, and strengthens skeleton bone density.","Fitness Enthusiasts, Athletes, Weight Loss, Elderly, Vegetarians"
57,Cottage Cheese,Dairy,"Cottage cheese is a fresh curd cheese product with a mild flavor and creamy curds, drained but not pressed. Packed with slow-digesting micellar casein protein, it is famously consumed before sleep by bodybuilders to prevent nocturnal muscle catabolism.",1 cup (226 g),163,28,6.2,2.3,0,"Vitamin B12, Riboflavin, Folate","Selenium, Phosphorus, Calcium, Sodium","Provides a steady multi-hour release of amino acids for continuous nighttime muscular restoration, supports thyroid health via selenium, and aids weight management.","Fitness Enthusiasts, Athletes, Weight Loss, Diabetic Patients, Vegetarians"
58,Milk,Dairy,"Whole cow's milk is a wholesome nutrient-rich liquid food produced by bovine mammary glands, offering a balanced combination of carbohydrates, protein, calcium, and fat. Highly digestible and bioavailable, it remains a standard hydrator and bone-builder for growing children.",1 cup (244 g),149,7.7,11.7,7.9,0,"Vitamin D, Vitamin B12, Vitamin A, Riboflavin","Calcium, Phosphorus, Potassium","Provides primary bone-mineral scaffolding via optimal calcium-to-phosphorus ratios, aids post-exercise rehydration, and delivers natural immunoglobulins.","Children, Athletes, Elderly, Pregnant Women, Vegetarians"
59,Cheddar Cheese,Dairy,"Cheddar cheese is a firm, naturally ripened cow's milk cheese originating in Somerset, England, renowned for its rich sharpness and melt-in-the-mouth texture. Cured over months, it concentrates milk solids into a calorie-dense package of calcium and saturated fats.",1 slice (28 g),115,7.1,0.4,9.4,0,"Vitamin A, Vitamin B12, Vitamin K2","Calcium, Phosphorus, Zinc, Sodium","Supplies menaquinone-7 (vitamin K2) to direct calcium directly into bone matrix rather than arterial walls, and supports dental enamel mineralization.","Children, Athletes, Elderly, Vegetarians"
60,Kefir,Dairy,"Kefir is a cultured, fermented milk drink made using symbiotic kefir grains composed of dozens of bacterial and yeast strains. Effervescent, tart, and creamy, kefir is recognized as a probiotic powerhouse that outshines regular yogurt in gut colony diversity.",1 cup (243 g),139,8.9,11,6.8,0,"Vitamin B12, Riboflavin, Vitamin D","Calcium, Phosphorus, Magnesium","Improves lactose digestion through microbial beta-galactosidase, establishes protective probiotic colonies against enteropathogens, and aids immune surveillance.","Elderly, Athletes, Heart Patients, Vegetarians"
61,Paneer,Dairy,"Paneer is a fresh, non-aging acid-set farmer cheese widespread in South Asian gastronomy, made by curdling heated milk with lemon juice or vinegar. Soft yet holding its shape under intense cooking, paneer is a primary protein anchor for vegetarian curries.",100 g,265,18.3,3.4,20.8,0,"Vitamin A, Vitamin D, Vitamin B12","Calcium, Phosphorus, Magnesium","Supplies high-grade vegetarian protein to fuel anabolic muscle preservation, strengthens dental and skeletal health, and moderates blood sugar surges.","Vegetarians, Athletes, Children, Fitness Enthusiasts"
62,Ricotta Cheese,Dairy,"Ricotta is an Italian whey cheese made from the residual liquid whey left over from the production of other cheeses. Light, fluffy, and with a delicate milky sweetness, ricotta is naturally lower in sodium and packed with rapidly assimilated whey protein.",1/2 cup (124 g),171,14.1,6.4,9.8,0,"Vitamin A, Vitamin B12, Riboflavin","Calcium, Phosphorus, Zinc","Supplies branched-chain amino acids for rapid post-workout recovery, assists in skeletal bone mineral accretion, and adds gentle satiety to lighter meals.","Athletes, Fitness Enthusiasts, Elderly, Vegetarians"
63,Parmesan Cheese,Dairy,"Parmigiano-Reggiano, or true Parmesan, is a hard, aged granular cheese made from raw cow's milk in northern Italy. Aged for up to thirty-six months, it is nearly lactose-free, bursting with natural glutamate umami crystals, concentrated calcium, and bioavailable protein.",1 tbsp grated (10 g),43,3.8,0.4,2.9,0,"Vitamin B12, Vitamin A","Calcium, Phosphorus, Zinc, Sodium","Delivers maximum bioavailable calcium per serving for osteopenia defense, provides easy digestibility for lactose-sensitive individuals, and improves appetite.","Elderly, Athletes, Children, Vegetarians"
64,Mozzarella Cheese,Dairy,"Mozzarella is a southern Italian pasta filata cheese traditionally pulled and stretched into delicate, milky white balls. Lower in sodium and calories than most hard cheeses, fresh mozzarella melts wonderfully while contributing wholesome protein and calcium.",1 oz (28 g),85,6.3,0.7,6.3,0,"Vitamin B12, Vitamin A","Calcium, Phosphorus, Zinc","Delivers digestible milk proteins without excessive sodium burden, supports bone density maintenance, and carries friendly probiotic strains.","Children, Athletes, Vegetarians"
65,Skyr,Dairy,"Skyr is an Icelandic cultured dairy product made with skim milk that has the consistency of strained yogurt but is technically classified as an ultra-mild cheese. With virtually zero fat and astronomical protein density, it is a cult favorite among performance athletes.",1 container (170 g),110,19,7,0.5,0,"Vitamin B12, Riboflavin","Calcium, Potassium, Phosphorus","Maximizes lean muscular repair while keeping caloric expenditure low, encourages healthy gut flora diversity, and promotes strong bone density.","Fitness Enthusiasts, Athletes, Weight Loss, Diabetic Patients, Vegetarians"
66,Almonds,Nut & Seed,"Almonds are nutrient-dense tree nuts encased in tough oval shells, renowned for their delicate crunch and sweet, nutty flavor. Loaded with alpha-tocopherol vitamin E, monounsaturated fats, and magnesium, almonds serve as the premier daily heart-healthy snack.",1 oz (28 g / 23 almonds),164,6,6.1,14.2,3.5,"Vitamin E, Riboflavin (B2), Niacin","Magnesium, Copper, Manganese, Calcium, Phosphorus","Supplies potent fat-soluble vitamin E protecting vascular cell membranes, blunts postprandial glucose excursions, and reduces bad LDL cholesterol.","Heart Patients, Diabetic Patients, Weight Loss, Fitness Enthusiasts, Vegetarians, Vegans"
67,Walnuts,Nut & Seed,"Walnuts are round, single-seeded stone fruit kernels whose convoluted meat remarkably resembles the human brain. Uniquely rich in plant-derived alpha-linolenic omega-3 fatty acids, walnuts provide profound neuroprotective and cardiovascular support across the lifespan.",1 oz (28 g / 14 halves),185,4.3,3.9,18.5,1.9,"Vitamin B6, Folate, Vitamin E","Copper, Manganese, Magnesium, Phosphorus","Reduces arterial endothelial inflammation through ALA omega-3s, improves cognitive processing speed and memory, and aids in blood pressure stabilization.","Heart Patients, Elderly, Diabetic Patients, Vegetarians, Vegans"
68,Chia Seeds,Nut & Seed,"Chia seeds are tiny hydrophilic seeds from the Salvia hispanica plant that can absorb up to twelve times their weight in water, forming a thick mucilaginous gel. Loaded with soluble fiber, omega-3s, and minerals, chia puddings provide long-lasting hydration and satiety.",2 tbsp (28 g),138,4.7,12,8.7,9.8,"Niacin, Thiamine","Calcium, Manganese, Magnesium, Phosphorus, Zinc","Slows gastric emptying and digestive carbohydrate absorption for steady glucose control, optimizes bowel hydration, and delivers plant omega-3s.","Diabetic Patients, Weight Loss, Heart Patients, Athletes, Vegetarians, Vegans"
69,Flaxseeds,Nut & Seed,"Flaxseeds are golden or brown oilseeds celebrated as nature's richest source of lignans, a group of powerful plant estrogenic polyphenols. Ground flaxseed is widely incorporated into oatmeal, smoothies, and baked goods to foster hormonal balance and cardiovascular health.",1 tbsp ground (7 g),37,1.3,2,3,1.9,"Thiamine (B1), Vitamin B6","Copper, Manganese, Magnesium, Phosphorus","Modulates estrogen metabolism and cellular health through SDG lignans, aids blood pressure reduction, and lubricates colon linings with soluble gum fiber.","Heart Patients, Weight Loss, Diabetic Patients, Vegetarians, Vegans"
70,Pumpkin Seeds,Nut & Seed,"Pumpkin seeds, or pepitas, are flat dark-green seeds extracted from field pumpkins, offering a chewy texture and deeply savory nutty flavor. Famed for extraordinary concentrations of zinc and magnesium, they play an essential role in male prostate and testosterone wellness.",1 oz (28 g),158,8.6,3,13.9,1.7,"Vitamin K, Folate","Zinc, Magnesium, Phosphorus, Copper, Iron, Potassium","Supports prostate tissue homeostasis and testosterone synthesis via bioavailable zinc, enhances sleep through natural tryptophan, and eases muscular tension.","Athletes, Fitness Enthusiasts, Heart Patients, Vegetarians, Vegans"
71,Hemp Seeds,Nut & Seed,"Hemp seeds, or hemp hearts, are shelled seeds of the Cannabis sativa plant that offer a soft, buttery texture and sweet, pine-nut flavor. With an optimal three-to-one ratio of omega-6 to omega-3 fatty acids and complete protein, they easily elevate salads and smoothies.",3 tbsp (30 g),166,9.5,2.6,14.6,1.2,"Thiamine, Vitamin B6, Folate","Magnesium, Phosphorus, Zinc, Iron, Manganese","Provides gamma-linolenic acid (GLA) which mitigates inflammatory joint and skin disorders, boosts cardiovascular integrity, and aids cellular repair.","Athletes, Fitness Enthusiasts, Heart Patients, Vegetarians, Vegans"
72,Sunflower Seeds,Nut & Seed,"Sunflower seeds are teardrop kernels harvested from the brilliant center heads of the sunflower, offering a gentle crunch and nutty savoriness. An affordable nutritional gem, they are packed with vitamin E, selenium, and phytosterols for whole-body vitality.",1/4 cup hulled (35 g),204,7.3,7,17.5,3,"Vitamin E, Niacin, Vitamin B6, Folate","Selenium, Copper, Manganese, Magnesium","Neutralizes systemic lipid free radicals with high vitamin E potency, supports thyroid gland hormone output via selenium, and promotes skin health.","Elderly, Heart Patients, Vegetarians, Vegans"
73,Cashews,Nut & Seed,"Cashews are crescent-shaped tropical tree nuts with a naturally sweet, creamy mouthfeel and delicate buttery nuance. When soaked and blended, they form the foundation of dairy-free vegan cheeses, rich culinary creams, and satiating savory stir-fries.",1 oz (28 g / 18 nuts),157,5.2,8.6,12.4,0.9,"Vitamin K, Vitamin B6","Copper, Magnesium, Manganese, Zinc, Phosphorus, Iron","Supplies copper crucial for collagen cross-linking and energy generation, supports cardiac vessel elasticity, and aids bone mineral density.","Children, Athletes, Vegetarians, Vegans"
74,Pistachios,Nut & Seed,"Pistachios are vibrant green tree seeds wrapped in a partially split beige shell, celebrated in Mediterranean and Middle Eastern cuisines. Offering fewer calories per nut and higher lutein than most competitors, pistachios combine visual delight with metabolic perks.",1 oz (28 g / 49 kernels),159,5.7,7.7,12.9,3,"Vitamin B6, Thiamine, Vitamin E","Copper, Manganese, Phosphorus, Potassium","Protects ocular macula from blue-light damage through lutein and zeaxanthin, enhances endothelial nitric oxide reactivity, and aids glycemic regulation.","Diabetic Patients, Heart Patients, Weight Loss, Vegetarians"
75,Sesame Seeds,Nut & Seed,"Sesame seeds are tiny, oil-rich oval seeds that have been cultivated for over five thousand years across Asia and Africa. Ground into rich tahini paste or sprinkled toasted over Asian dishes, sesame seeds are loaded with sesamin lignans and concentrated plant calcium.",1 tbsp whole (9 g),52,1.6,2.1,4.5,1.1,"Thiamine, Vitamin B6","Calcium, Copper, Manganese, Magnesium, Iron, Zinc","Helps maintain skeletal bone mass and tooth integrity with concentrated calcium, reduces oxidative stress in hepatic tissue, and improves lipid profiles.","Elderly, Vegetarians, Vegans, Heart Patients"
76,Salmon,Seafood,"Salmon is an oily pelagic fish boasting vibrant pink-orange flesh owing to rich astaxanthin pigments acquired from marine krill diets. Celebrated worldwide as the preeminent source of long-chain EPA and DHA omega-3 fatty acids, salmon delivers succulent savoriness and unparalleled cardiovascular benefits.",3 oz cooked (85 g),175,18.8,0,10.5,0,"Vitamin D, Vitamin B12, Vitamin B6, Niacin","Selenium, Potassium, Phosphorus","Significantly lowers serum triglycerides and arterial inflammation through EPA/DHA omega-3s, improves neural cognitive fluidity, and accelerates muscle repair.","Heart Patients, Athletes, Fitness Enthusiasts, Elderly, Diabetic Patients"
77,Tuna,Seafood,"Tuna is a fast-swimming predatory ocean fish offering dense, steak-like red flesh that cooks up firm and meaty. Widely enjoyed both seared fresh as sashimi and canned in spring water, tuna provides an ultra-pure source of lean protein with near-zero carbohydrate and negligible fat.",1 can drained (165 g),191,42.1,0,1.4,0,"Vitamin B12, Niacin, Vitamin B6, Vitamin D","Selenium, Phosphorus, Potassium, Magnesium","Promotes maximum muscular hypertrophy and fat-free mass retention, bolsters thyroid function through selenium, and provides crucial B12 for nerve sheath myelination.","Athletes, Fitness Enthusiasts, Weight Loss, Diabetic Patients"
78,Shrimp,Seafood,"Shrimp are decapod marine crustaceans with a firm, translucent curled body that turns a delicate pink when cooked. Known for their sweet, briny flavor and rapid cooking time, shrimp offer exceptional protein density with minimal caloric impact, making them a staple in lean athletic meal plans.",3 oz cooked (85 g),84,20.4,0.2,0.2,0,"Vitamin B12, Niacin, Vitamin E","Selenium, Iodine, Phosphorus, Zinc","Supplies crucial iodine for balanced thyroid hormone regulation, delivers astaxanthin antioxidant shielding, and fuels muscle recovery without excess calories.","Weight Loss, Athletes, Fitness Enthusiasts, Diabetic Patients"
79,Cod,Seafood,"Cod is a mild, flaky white saltwater fish inhabiting the chilly depths of the North Atlantic and Pacific Oceans. Celebrated for its gentle sweetness and tender, large-flaked texture, cod provides pure lean protein, high iodine, and minimal fat that digests effortlessly.",3 oz cooked (85 g),89,19.4,0,0.7,0,"Vitamin B12, Vitamin B6, Niacin","Phosphorus, Selenium, Potassium, Iodine","Supports basal metabolic rate through thyroid hormone synthesis, promotes muscle mass preservation in elderly cohorts, and supports cardiovascular function.","Weight Loss, Elderly, Heart Patients, Diabetic Patients"
80,Sardines,Seafood,"Sardines are small, silvery epipelagic schooling fish packed with incredible nutrient density from their edible soft bones and oily flesh. Harvested from cold pristine waters, sardines are an eco-friendly source of marine omega-3s, bioavailable calcium, and vitamin D.",1 can drained (92 g),191,22.7,0,10.5,0,"Vitamin B12, Vitamin D, Niacin","Calcium, Selenium, Phosphorus, Iron, Potassium","Fortifies bone matrix via natural whole-food calcium and vitamin D, curbs systemic cardiovascular inflammation, and boosts neural cognitive health.","Elderly, Heart Patients, Athletes, Pregnant Women"
81,Mackerel,Seafood,"Mackerel is a sleek, iridescent pelagic fish with richly flavored dark meat that crisps up beautifully under a broiler. Ranking among the highest natural sources of omega-3 fatty acids and vitamin B12 in the entire marine ecosystem, it provides robust vitality and stamina.",3 oz cooked (85 g),223,20.3,0,15.1,0,"Vitamin B12, Vitamin D, Niacin","Selenium, Magnesium, Phosphorus, Potassium","Protects against cardiac arrhythmias, modulates platelet aggregation to prevent thrombosis, and bolsters mitochondrial energy production.","Heart Patients, Athletes, Elderly, Fitness Enthusiasts"
82,Turmeric,Spice,"Turmeric is a bright golden-orange rhizome belonging to the ginger family, celebrated as the crown jewel of traditional Ayurvedic medicine. The primary active polyphenol, curcumin, confers legendary anti-inflammatory and cellular antioxidant capabilities when paired with black pepper.",1 tsp ground (3 g),9,0.3,2,0.1,0.7,"Vitamin C, Vitamin B6","Iron, Manganese, Potassium","Inhibits NF-kB inflammatory gene expression, mitigates osteoarthritic joint pain, protects cerebral neurons, and boosts endogenous antioxidant enzymes.","Heart Patients, Elderly, Athletes, Diabetic Patients, Vegetarians, Vegans"
83,Ginger,Spice,"Ginger is a pungent, knobby rhizome widely used across global cuisines for its fiery, zesty warmth and therapeutic digestive qualities. Containing gingerols and shogaols, fresh ginger alleviates motion sickness, reduces gastric nausea, and invigorates peripheral microcirculation.",1 tbsp grated (6 g),5,0.1,1.1,0,0.1,"Vitamin C, Vitamin B6","Potassium, Magnesium, Copper","Accelerates gastric emptying to resolve functional dyspepsia, dampens delayed-onset muscle soreness, and soothes pregnancy morning sickness.","Pregnant Women, Athletes, Elderly, Weight Loss, Vegetarians"
84,Cinnamon,Spice,"Cinnamon is an aromatic culinary spice obtained from the inner bark of Cinnamomum tree species, offering sweet, woody warmth and intoxicating fragrance. Revered for its potent insulin-sensitizing properties, cinnamon helps stabilize blood sugar spikes naturally.",1 tsp ground (2.6 g),6,0.1,2.1,0,1.4,"Vitamin K, Vitamin A","Manganese, Calcium, Iron","Improves insulin receptor sensitivity to regulate fasting glucose levels, slows stomach carbohydrate breakdown, and exhibits potent antifungal and antibacterial actions.","Diabetic Patients, Weight Loss, Heart Patients, Vegetarians"
85,Black Pepper,Spice,"Black pepper is the dried unripe drupe of the Piper nigrum flowering vine, crowned the undisputed king of culinary spices worldwide. Beyond providing signature sharp pungency, its active alkaloid piperine dramatically boosts the intestinal absorption of other nutrients like curcumin by up to two thousand percent.",1 tsp ground (2.3 g),6,0.2,1.5,0.1,0.6,Vitamin K,"Manganese, Iron, Copper","Enhances nutrient bioavailability across intestinal brush borders, stimulates hydrochloric acid secretion for optimal digestion, and exhibits free-radical scavenging.","Elderly, Athletes, Vegetarians, Vegans"
86,Garlic,Spice,"Garlic is a pungent bulb composed of multiple cloves encased in papery skins, prized across culinary and medicinal history. When crushed or chopped, alliin transforms into allicin, a powerful organosulfur antimicrobial that bolsters cardiac defenses and immune resilience.",3 cloves (9 g),13,0.6,3,0,0.2,"Vitamin C, Vitamin B6","Manganese, Selenium, Calcium","Lowers systolic and diastolic arterial blood pressure, curbs fungal and bacterial pathogens, and mitigates oxidation of circulating blood lipids.","Heart Patients, Elderly, Athletes, Diabetic Patients, Vegetarians"
87,Cardamom,Spice,"Cardamom is an intensely aromatic spice made from the seed pods of plants in the ginger family, featuring green triangular husks enclosing black seeds. Known for its complex sweet, herbal, and citrus notes, cardamom acts as a traditional digestive aid and breath freshener.",1 tsp ground (2 g),6,0.2,1.4,0.1,0.6,Vitamin C,"Manganese, Iron, Magnesium, Potassium","Promotes gastrointestinal motility, acts as a gentle bronchodilator for respiratory ease, and exhibits protective antioxidant properties in arterial tissues.","Heart Patients, Diabetic Patients, Elderly, Vegetarians"
88,Green Tea,Beverage,"Green tea is an unfermented infusion crafted from the unoxidized leaves of the Camellia sinensis plant, celebrated for its gentle grassy astringency. Packed with epigallocatechin gallate (EGCG) and calming L-theanine, it induces a state of calm, focused mental alert without nervous caffeine jitters.",1 cup brewed (240 ml),2,0.2,0,0,0,"Vitamin C, Vitamin B2","Manganese, Potassium, Fluoride","Stimulates hepatic fatty acid oxidation through EGCG thermogenesis, optimizes sustained cognitive focus with L-theanine, and protects cellular DNA from oxidative damage.","Weight Loss, Heart Patients, Diabetic Patients, Athletes, Elderly, Vegetarians, Vegans"
89,Black Coffee,Beverage,"Black coffee is a dark, aromatic beverage prepared from roasted and ground Coffea arabica beans, free of added sugars or dairy fats. A classic morning ritual globally, coffee supplies invigorating caffeine and chlorogenic acids that boost physical performance and neurological alertness.",1 cup brewed (240 ml),2,0.3,0,0,0,"Niacin (B3), Riboflavin (B2)","Potassium, Magnesium","Elevates central nervous system dopaminergic activity to combat fatigue, enhances athletic endurance via fatty acid mobilization, and supports long-term hepatic integrity.","Athletes, Fitness Enthusiasts, Weight Loss"
90,Matcha,Beverage,"Matcha is finely ground whole-leaf shade-grown green tea powder whisked into warm water until frothy and vibrant emerald green. Because the entire leaf is ingested rather than steeped and discarded, matcha provides ten times the antioxidant polyphenol concentration of standard brewed green tea.",1 tsp powder (2 g in 200 ml),6,0.6,0.8,0.1,0.7,"Vitamin C, Vitamin A, Vitamin E","Zinc, Selenium, Chromium, Magnesium","Delivers prolonged steady mental clarity through alpha brain wave stimulation, boosts metabolic rate, and strengthens immune mucosal resistance.","Fitness Enthusiasts, Athletes, Weight Loss, Vegetarians, Vegans"
91,Coconut Water,Beverage,"Coconut water is the clear, naturally sweet liquid tapped from young green coconuts, prized as Mother Nature's isotonic sports beverage. Naturally rich in potassium and magnesium with light carbohydrates, it provides rapid physiological rehydration following intense perspiration.",1 cup (240 ml),45,1.7,8.9,0.5,2.6,"Vitamin C, Riboflavin, Thiamine","Potassium, Sodium, Magnesium, Calcium, Phosphorus","Restores electrolyte balance rapidly to avert muscular cramping, assists in urinary tract flushing, and supports healthy vascular pressure.","Athletes, Fitness Enthusiasts, Weight Loss, Pregnant Women, Vegetarians, Vegans"
92,Chamomile Tea,Beverage,"Chamomile tea is a soothing herbal infusion made from the dried daisy-like flowers of the Matricaria chamomilla plant, featuring sweet apple and honeyed undertones. Free of caffeine, it is globally revered as a restorative evening wind-down beverage that calms anxious minds and digestive spasms.",1 cup brewed (240 ml),2,0,0.5,0,0,Vitamin A,"Potassium, Calcium, Magnesium","Binds to GABA neurotransmitter receptors to promote restorative sleep, alleviates smooth muscle intestinal spasms, and reduces daytime anxiety.","Elderly, Pregnant Women, Weight Loss, Vegetarians, Vegans"
93,Chicken Breast,Meat,"Chicken breast is the lean, skinless pectoral muscle of the domestic fowl, celebrated as the bedrock of bodybuilding and fitness nutrition. Offering an extraordinarily high protein-to-calorie ratio with virtually zero carbohydrates, chicken breast builds lean muscle mass while keeping fat intake tightly controlled.",3 oz cooked (85 g),140,26,0,3.1,0,"Niacin (B3), Vitamin B6, Vitamin B12","Phosphorus, Selenium, Potassium, Zinc","Drives peak myofibrillar muscle protein synthesis, accelerates post-exercise cellular repair, and aids metabolic homeostasis through concentrated niacin.","Athletes, Fitness Enthusiasts, Weight Loss, Diabetic Patients"
94,Turkey Breast,Meat,"Turkey breast is an ultra-lean white poultry meat renowned for its delicate flavor, tenderness, and rich tryptophan stores. Lower in saturated fat than red meats, turkey breast supplies clean muscle-building amino acids and essential B-vitamins for active lifestyles.",3 oz roasted (85 g),125,25.6,0,1.8,0,"Niacin, Vitamin B6, Vitamin B12","Selenium, Phosphorus, Zinc, Potassium","Supports neurotransmitter serotonin synthesis via natural L-tryptophan, preserves lean muscular tissue during caloric deficits, and aids immune strength.","Weight Loss, Athletes, Fitness Enthusiasts, Diabetic Patients"
95,Lean Beef,Meat,"Lean beef sirloin is a nutrient-dense red meat cut that provides concentrated heme iron, zinc, and natural creatine for athletic power. Highly bioavailable and satisfying, it supports red blood cell oxygenation and explosive muscular strength in competitive athletes.",3 oz cooked (85 g),180,26.1,0,7.7,0,"Vitamin B12, Niacin, Vitamin B6","Iron, Zinc, Selenium, Phosphorus, Potassium","Delivers readily absorbable heme iron to ward off athletic anemia, replenishes intramuscular creatine for explosive power, and bolsters immune phagocytosis.","Athletes, Fitness Enthusiasts, Pregnant Women"
96,Pork Tenderloin,Meat,"Pork tenderloin is an exceptionally lean and tender cut of pork corresponding to the psoas major muscle, rivaling skinless chicken breast in its low fat content. Rich in thiamine (vitamin B1) and high-quality protein, it provides satisfying culinary versatility without heavy saturated fats.",3 oz roasted (85 g),122,22.3,0,3,0,"Thiamine (B1), Niacin, Vitamin B6, Vitamin B12","Selenium, Phosphorus, Potassium, Zinc","Optimizes carbohydrate metabolism and cellular energy production via thiamine, sustains lean muscle integrity, and aids nervous system stability.","Fitness Enthusiasts, Athletes, Weight Loss"
97,Whole Egg,Egg,"Whole chicken egg is nature's complete single-cell nutritional package, pairing clear albumen protein with a rich golden yolk packed with choline, lutein, and vitamin D. Long considered the biological gold standard for protein bioavailability with a biological value score of 100, eggs fuel morning energy.",1 large egg (50 g),72,6.3,0.4,4.8,0,"Vitamin B12, Vitamin D, Vitamin A, Riboflavin","Choline, Selenium, Phosphorus, Iron","Supplies essential choline for brain neurotransmitter synthesis and hepatic lipid export, protects retinal health with lutein, and supports sustained satiety.","Children, Athletes, Fitness Enthusiasts, Elderly, Pregnant Women, Vegetarians"
98,Egg White,Egg,"Egg white, or albumen, is the clear liquid surrounding the yolk of a chicken egg, consisting of ninety percent water and ten percent pure protein. Free of cholesterol and fat, pasteurized egg whites are the ultimate clean protein source for precise sports nutrition and cutting diets.",1 large white (33 g),17,3.6,0.2,0.1,0,"Riboflavin (B2), Niacin","Potassium, Sodium, Selenium","Delivers purest amino acid delivery with zero saturated fat or cholesterol, encourages lean fat-free muscle building, and facilitates effortless digestion.","Weight Loss, Athletes, Fitness Enthusiasts, Diabetic Patients, Heart Patients"
99,Basil,Herb,"Sweet basil is an aromatic tender culinary herb of the mint family, famed for its glossy green leaves and distinctive fragrance of cloves and anise. The aromatic crown of Italian pesto and Caprese salads, basil is rich in rosmarinic acid and eugenol essential oils with powerful anti-inflammatory effects.",2 tbsp chopped (5 g),1,0.2,0.1,0,0.1,"Vitamin K, Vitamin A, Vitamin C","Manganese, Iron, Calcium","Mitigates physiological stress through adaptogenic eugenol, curbs bacterial proliferation, and strengthens vascular coagulation pathways via vitamin K.","Heart Patients, Diabetic Patients, Weight Loss, Vegetarians, Vegans"
100,Parsley,Herb,"Parsley is a bright green biennial herb available in curly and flat-leaf Italian varieties, offering crisp herbal sharpness and natural cleansing properties. Far more than a decorative garnish, parsley is packed with apigenin, myristicin, and vitamin K to purify and invigorate.",1/2 cup fresh chopped (30 g),11,0.9,1.9,0.2,1,"Vitamin K, Vitamin C, Vitamin A, Folate","Iron, Potassium, Calcium","Acts as a gentle natural diuretic easing fluid retention, neutralizes reactive carcinogens through myristicin, and supports robust skeletal bone mineral density.","Heart Patients, Pregnant Women, Weight Loss, Vegetarians, Vegans"